variant,cuts,crobat_copies,scenario,trials,ready_by_t2_pct,ready_by_t3_pct,ready_by_t4_pct,dark_asset_use_pct,avg_dark_asset_cards_drawn_per_game_using
regidrago-shell,"none",0,strict-jit/go-first,100000,12.178000,38.797000,55.336000,0.000000,0.000000
crobat1-erika,"Erika's Invitation",1,strict-jit/go-first,100000,11.798000,38.251000,55.146000,15.280000,1.403796
crobat1-channeler,"Channeler",1,strict-jit/go-first,100000,11.750000,38.031000,54.891000,15.113000,1.391319
crobat1-team-yell,"Team Yell's Cheer",1,strict-jit/go-first,100000,11.827000,37.918000,54.619000,15.503000,1.390699
crobat1-roseanne,"Roseanne's Backup",1,strict-jit/go-first,100000,11.786000,37.934000,54.925000,15.502000,1.391433
crobat1-turo,"Professor Turo's Scenario",1,strict-jit/go-first,100000,11.777000,37.793000,54.461000,15.491000,1.392551
crobat1-powerglass,"Powerglass",1,strict-jit/go-first,100000,11.781000,38.060000,54.768000,15.389000,1.393918
crobat1-heavy-ball,"Hisuian Heavy Ball",1,strict-jit/go-first,100000,11.116000,36.446000,52.986000,14.902000,1.391290
crobat1-tapu-lele,"Tapu Lele-GX",1,strict-jit/go-first,100000,10.484000,36.468000,53.035000,15.641000,1.393389
crobat2-erika-channeler,"Erika's Invitation + Channeler",2,strict-jit/go-first,100000,11.733000,37.562000,54.462000,26.727000,1.340293
crobat2-erika-team-yell,"Erika's Invitation + Team Yell's Cheer",2,strict-jit/go-first,100000,11.750000,37.691000,54.663000,26.606000,1.349846
crobat2-erika-tapu-lele,"Erika's Invitation + Tapu Lele-GX",2,strict-jit/go-first,100000,10.389000,36.338000,52.723000,26.959000,1.339553
crobat2-tapu-lele-both,"Tapu Lele-GX + Tapu Lele-GX",2,strict-jit/go-first,100000,5.905000,32.838000,49.440000,28.577000,1.378696
regidrago-shell,"none",0,matchup-flex-jit/go-first,100000,16.225000,47.514000,63.318000,0.000000,0.000000
crobat1-erika,"Erika's Invitation",1,matchup-flex-jit/go-first,100000,15.692000,46.857000,62.853000,19.175000,1.555984
crobat1-channeler,"Channeler",1,matchup-flex-jit/go-first,100000,15.620000,46.884000,63.013000,19.100000,1.567382
crobat1-team-yell,"Team Yell's Cheer",1,matchup-flex-jit/go-first,100000,15.734000,46.959000,63.280000,19.130000,1.563565
crobat1-roseanne,"Roseanne's Backup",1,matchup-flex-jit/go-first,100000,15.734000,46.959000,63.280000,19.130000,1.563565
crobat1-turo,"Professor Turo's Scenario",1,matchup-flex-jit/go-first,100000,15.879000,46.826000,62.856000,19.051000,1.570416
crobat1-powerglass,"Powerglass",1,matchup-flex-jit/go-first,100000,15.937000,46.756000,63.025000,19.275000,1.562387
crobat1-heavy-ball,"Hisuian Heavy Ball",1,matchup-flex-jit/go-first,100000,15.639000,46.061000,62.224000,19.200000,1.582292
crobat1-tapu-lele,"Tapu Lele-GX",1,matchup-flex-jit/go-first,100000,14.656000,46.419000,62.111000,20.423000,1.575577
crobat2-erika-channeler,"Erika's Invitation + Channeler",2,matchup-flex-jit/go-first,100000,15.457000,46.245000,62.447000,32.145000,1.484150
crobat2-erika-team-yell,"Erika's Invitation + Team Yell's Cheer",2,matchup-flex-jit/go-first,100000,15.241000,46.129000,62.645000,32.034000,1.492040
crobat2-erika-tapu-lele,"Erika's Invitation + Tapu Lele-GX",2,matchup-flex-jit/go-first,100000,14.127000,45.599000,61.425000,33.151000,1.502036
crobat2-tapu-lele-both,"Tapu Lele-GX + Tapu Lele-GX",2,matchup-flex-jit/go-first,100000,7.642000,42.731000,58.400000,37.657000,1.546990
regidrago-shell,"none",0,no-discard-control/go-first,100000,19.959000,55.730000,71.975000,0.000000,0.000000
crobat1-erika,"Erika's Invitation",1,no-discard-control/go-first,100000,19.328000,55.365000,71.937000,19.558000,1.593005
crobat1-channeler,"Channeler",1,no-discard-control/go-first,100000,19.483000,55.512000,72.025000,19.553000,1.591776
crobat1-team-yell,"Team Yell's Cheer",1,no-discard-control/go-first,100000,19.490000,55.572000,71.979000,19.522000,1.601834
crobat1-roseanne,"Roseanne's Backup",1,no-discard-control/go-first,100000,19.490000,55.572000,71.979000,19.522000,1.601834
crobat1-turo,"Professor Turo's Scenario",1,no-discard-control/go-first,100000,19.468000,55.092000,71.340000,19.539000,1.603869
crobat1-powerglass,"Powerglass",1,no-discard-control/go-first,100000,19.619000,55.428000,72.200000,19.609000,1.602019
crobat1-heavy-ball,"Hisuian Heavy Ball",1,no-discard-control/go-first,100000,19.220000,54.426000,71.030000,19.325000,1.597930
crobat1-tapu-lele,"Tapu Lele-GX",1,no-discard-control/go-first,100000,18.109000,54.380000,69.854000,20.521000,1.602164
crobat2-erika-channeler,"Erika's Invitation + Channeler",2,no-discard-control/go-first,100000,18.968000,54.942000,71.875000,32.547000,1.527791
crobat2-erika-team-yell,"Erika's Invitation + Team Yell's Cheer",2,no-discard-control/go-first,100000,19.007000,55.041000,71.859000,32.637000,1.521800
crobat2-erika-tapu-lele,"Erika's Invitation + Tapu Lele-GX",2,no-discard-control/go-first,100000,17.691000,53.703000,69.682000,33.702000,1.548246
crobat2-tapu-lele-both,"Tapu Lele-GX + Tapu Lele-GX",2,no-discard-control/go-first,100000,8.217000,51.407000,66.805000,38.247000,1.577274
regidrago-shell,"none",0,strict-jit-turn2-item-lock/go-first,100000,4.539000,10.075000,17.543000,0.000000,0.000000
crobat1-erika,"Erika's Invitation",1,strict-jit-turn2-item-lock/go-first,100000,4.421000,10.179000,17.567000,12.414000,1.282181
crobat1-channeler,"Channeler",1,strict-jit-turn2-item-lock/go-first,100000,4.435000,10.055000,17.466000,12.047000,1.281979
crobat1-team-yell,"Team Yell's Cheer",1,strict-jit-turn2-item-lock/go-first,100000,4.375000,10.040000,17.367000,12.100000,1.285041
crobat1-roseanne,"Roseanne's Backup",1,strict-jit-turn2-item-lock/go-first,100000,4.451000,10.174000,17.642000,12.447000,1.291396
crobat1-turo,"Professor Turo's Scenario",1,strict-jit-turn2-item-lock/go-first,100000,4.455000,10.145000,17.534000,12.371000,1.288982
crobat1-powerglass,"Powerglass",1,strict-jit-turn2-item-lock/go-first,100000,4.510000,9.996000,17.353000,12.252000,1.285994
crobat1-heavy-ball,"Hisuian Heavy Ball",1,strict-jit-turn2-item-lock/go-first,100000,4.273000,9.677000,16.946000,11.901000,1.299135
crobat1-tapu-lele,"Tapu Lele-GX",1,strict-jit-turn2-item-lock/go-first,100000,3.916000,9.181000,15.844000,12.395000,1.276563
crobat2-erika-channeler,"Erika's Invitation + Channeler",2,strict-jit-turn2-item-lock/go-first,100000,4.244000,9.936000,17.250000,22.763000,1.284716
crobat2-erika-team-yell,"Erika's Invitation + Team Yell's Cheer",2,strict-jit-turn2-item-lock/go-first,100000,4.273000,9.933000,17.283000,22.703000,1.289389
crobat2-erika-tapu-lele,"Erika's Invitation + Tapu Lele-GX",2,strict-jit-turn2-item-lock/go-first,100000,3.816000,9.123000,15.595000,22.643000,1.281235
crobat2-tapu-lele-both,"Tapu Lele-GX + Tapu Lele-GX",2,strict-jit-turn2-item-lock/go-first,100000,2.921000,8.015000,13.597000,22.890000,1.266536
regidrago-shell,"none",0,strict-jit-full-item-lock/go-first,100000,2.915000,7.832000,14.954000,0.000000,0.000000
crobat1-erika,"Erika's Invitation",1,strict-jit-full-item-lock/go-first,100000,2.936000,7.625000,14.655000,9.708000,1.210754
crobat1-channeler,"Channeler",1,strict-jit-full-item-lock/go-first,100000,2.819000,7.613000,14.784000,9.823000,1.215209
crobat1-team-yell,"Team Yell's Cheer",1,strict-jit-full-item-lock/go-first,100000,2.694000,7.468000,14.467000,9.881000,1.218905
crobat1-roseanne,"Roseanne's Backup",1,strict-jit-full-item-lock/go-first,100000,2.694000,7.468000,14.467000,9.881000,1.218905
crobat1-turo,"Professor Turo's Scenario",1,strict-jit-full-item-lock/go-first,100000,2.712000,7.501000,14.421000,9.802000,1.217813
crobat1-powerglass,"Powerglass",1,strict-jit-full-item-lock/go-first,100000,2.786000,7.466000,14.592000,9.855000,1.216438
crobat1-heavy-ball,"Hisuian Heavy Ball",1,strict-jit-full-item-lock/go-first,100000,2.753000,7.572000,14.688000,9.785000,1.213081
crobat1-tapu-lele,"Tapu Lele-GX",1,strict-jit-full-item-lock/go-first,100000,2.522000,7.109000,13.464000,9.835000,1.209964
crobat2-erika-channeler,"Erika's Invitation + Channeler",2,strict-jit-full-item-lock/go-first,100000,2.738000,7.474000,14.345000,18.117000,1.215157
crobat2-erika-team-yell,"Erika's Invitation + Team Yell's Cheer",2,strict-jit-full-item-lock/go-first,100000,2.692000,7.383000,14.396000,18.174000,1.223781
crobat2-erika-tapu-lele,"Erika's Invitation + Tapu Lele-GX",2,strict-jit-full-item-lock/go-first,100000,2.411000,6.898000,13.043000,18.181000,1.216545
crobat2-tapu-lele-both,"Tapu Lele-GX + Tapu Lele-GX",2,strict-jit-full-item-lock/go-first,100000,2.107000,6.232000,11.740000,18.246000,1.202675
regidrago-shell,"none",0,strict-jit-rulebox-ability-lock/go-first,100000,4.355000,25.875000,38.934000,0.000000,0.000000
crobat1-erika,"Erika's Invitation",1,strict-jit-rulebox-ability-lock/go-first,100000,4.125000,24.905000,37.898000,4.640000,1.708621
crobat1-channeler,"Channeler",1,strict-jit-rulebox-ability-lock/go-first,100000,4.257000,24.745000,37.575000,4.575000,1.711913
crobat1-team-yell,"Team Yell's Cheer",1,strict-jit-rulebox-ability-lock/go-first,100000,4.265000,24.924000,37.886000,4.474000,1.734019
crobat1-roseanne,"Roseanne's Backup",1,strict-jit-rulebox-ability-lock/go-first,100000,4.375000,24.979000,37.828000,4.545000,1.728493
crobat1-turo,"Professor Turo's Scenario",1,strict-jit-rulebox-ability-lock/go-first,100000,4.320000,24.656000,37.041000,4.591000,1.717926
crobat1-powerglass,"Powerglass",1,strict-jit-rulebox-ability-lock/go-first,100000,4.286000,24.974000,37.963000,4.669000,1.682587
crobat1-heavy-ball,"Hisuian Heavy Ball",1,strict-jit-rulebox-ability-lock/go-first,100000,4.018000,24.142000,36.850000,4.527000,1.687873
crobat1-tapu-lele,"Tapu Lele-GX",1,strict-jit-rulebox-ability-lock/go-first,100000,4.195000,25.636000,38.485000,4.624000,1.705450
crobat2-erika-channeler,"Erika's Invitation + Channeler",2,strict-jit-rulebox-ability-lock/go-first,100000,4.147000,24.253000,37.044000,8.108000,1.668846
crobat2-erika-team-yell,"Erika's Invitation + Team Yell's Cheer",2,strict-jit-rulebox-ability-lock/go-first,100000,4.142000,24.151000,36.858000,8.122000,1.656981
crobat2-erika-tapu-lele,"Erika's Invitation + Tapu Lele-GX",2,strict-jit-rulebox-ability-lock/go-first,100000,4.059000,24.300000,36.982000,7.966000,1.674241
crobat2-tapu-lele-both,"Tapu Lele-GX + Tapu Lele-GX",2,strict-jit-rulebox-ability-lock/go-first,100000,3.447000,24.238000,36.834000,8.115000,1.726802
regidrago-shell,"none",0,strict-jit-combined-lock/go-first,100000,0.328000,3.290000,7.274000,0.000000,0.000000
crobat1-erika,"Erika's Invitation",1,strict-jit-combined-lock/go-first,100000,0.309000,3.165000,7.017000,2.429000,1.381227
crobat1-channeler,"Channeler",1,strict-jit-combined-lock/go-first,100000,0.290000,3.201000,7.059000,2.500000,1.398000
crobat1-team-yell,"Team Yell's Cheer",1,strict-jit-combined-lock/go-first,100000,0.354000,3.142000,6.974000,2.422000,1.387283
crobat1-roseanne,"Roseanne's Backup",1,strict-jit-combined-lock/go-first,100000,0.354000,3.142000,6.974000,2.422000,1.387283
crobat1-turo,"Professor Turo's Scenario",1,strict-jit-combined-lock/go-first,100000,0.358000,3.195000,7.067000,2.458000,1.377136
crobat1-powerglass,"Powerglass",1,strict-jit-combined-lock/go-first,100000,0.319000,3.185000,7.046000,2.545000,1.368173
crobat1-heavy-ball,"Hisuian Heavy Ball",1,strict-jit-combined-lock/go-first,100000,0.300000,3.120000,7.073000,2.559000,1.380617
crobat1-tapu-lele,"Tapu Lele-GX",1,strict-jit-combined-lock/go-first,100000,0.266000,3.245000,7.116000,2.456000,1.375407
crobat2-erika-channeler,"Erika's Invitation + Channeler",2,strict-jit-combined-lock/go-first,100000,0.305000,3.050000,6.766000,4.663000,1.380871
crobat2-erika-team-yell,"Erika's Invitation + Team Yell's Cheer",2,strict-jit-combined-lock/go-first,100000,0.323000,3.001000,6.802000,4.619000,1.382983
crobat2-erika-tapu-lele,"Erika's Invitation + Tapu Lele-GX",2,strict-jit-combined-lock/go-first,100000,0.302000,3.101000,6.756000,4.530000,1.386755
crobat2-tapu-lele-both,"Tapu Lele-GX + Tapu Lele-GX",2,strict-jit-combined-lock/go-first,100000,0.243000,3.160000,6.900000,4.573000,1.394927
regidrago-shell,"none",0,strict-jit/go-second,100000,29.580000,52.516000,63.712000,0.000000,0.000000
crobat1-erika,"Erika's Invitation",1,strict-jit/go-second,100000,28.775000,51.981000,63.453000,14.028000,1.395637
crobat1-channeler,"Channeler",1,strict-jit/go-second,100000,28.714000,51.705000,63.085000,13.845000,1.387721
crobat1-team-yell,"Team Yell's Cheer",1,strict-jit/go-second,100000,28.650000,51.767000,63.046000,13.994000,1.382164
crobat1-roseanne,"Roseanne's Backup",1,strict-jit/go-second,100000,28.832000,51.873000,63.412000,14.193000,1.395899
crobat1-turo,"Professor Turo's Scenario",1,strict-jit/go-second,100000,28.704000,51.338000,62.542000,14.189000,1.402495
crobat1-powerglass,"Powerglass",1,strict-jit/go-second,100000,28.917000,52.172000,63.613000,14.302000,1.387009
crobat1-heavy-ball,"Hisuian Heavy Ball",1,strict-jit/go-second,100000,27.555000,50.183000,61.639000,13.441000,1.388959
crobat1-tapu-lele,"Tapu Lele-GX",1,strict-jit/go-second,100000,27.096000,48.964000,60.311000,14.401000,1.396709
crobat2-erika-channeler,"Erika's Invitation + Channeler",2,strict-jit/go-second,100000,28.115000,51.210000,63.028000,24.581000,1.360197
crobat2-erika-team-yell,"Erika's Invitation + Team Yell's Cheer",2,strict-jit/go-second,100000,28.039000,51.093000,62.714000,24.766000,1.349148
crobat2-erika-tapu-lele,"Erika's Invitation + Tapu Lele-GX",2,strict-jit/go-second,100000,26.702000,48.570000,60.140000,24.621000,1.363470
crobat2-tapu-lele-both,"Tapu Lele-GX + Tapu Lele-GX",2,strict-jit/go-second,100000,22.610000,43.764000,55.733000,26.910000,1.398959
regidrago-shell,"none",0,matchup-flex-jit/go-second,100000,37.204000,60.929000,71.246000,0.000000,0.000000
crobat1-erika,"Erika's Invitation",1,matchup-flex-jit/go-second,100000,36.162000,59.902000,70.493000,18.433000,1.540986
crobat1-channeler,"Channeler",1,matchup-flex-jit/go-second,100000,35.801000,59.805000,70.592000,18.579000,1.539695
crobat1-team-yell,"Team Yell's Cheer",1,matchup-flex-jit/go-second,100000,35.906000,59.865000,70.499000,18.445000,1.547140
crobat1-roseanne,"Roseanne's Backup",1,matchup-flex-jit/go-second,100000,35.894000,59.860000,70.479000,18.440000,1.547343
crobat1-turo,"Professor Turo's Scenario",1,matchup-flex-jit/go-second,100000,36.115000,59.908000,70.273000,18.414000,1.541273
crobat1-powerglass,"Powerglass",1,matchup-flex-jit/go-second,100000,36.177000,59.898000,70.578000,18.401000,1.547090
crobat1-heavy-ball,"Hisuian Heavy Ball",1,matchup-flex-jit/go-second,100000,35.598000,58.962000,69.514000,18.414000,1.568915
crobat1-tapu-lele,"Tapu Lele-GX",1,matchup-flex-jit/go-second,100000,35.365000,58.272000,68.517000,19.329000,1.568627
crobat2-erika-channeler,"Erika's Invitation + Channeler",2,matchup-flex-jit/go-second,100000,35.198000,59.073000,69.886000,30.703000,1.496596
crobat2-erika-team-yell,"Erika's Invitation + Team Yell's Cheer",2,matchup-flex-jit/go-second,100000,35.235000,59.305000,70.180000,30.573000,1.499460
crobat2-erika-tapu-lele,"Erika's Invitation + Tapu Lele-GX",2,matchup-flex-jit/go-second,100000,34.157000,57.447000,67.916000,31.469000,1.515333
crobat2-tapu-lele-both,"Tapu Lele-GX + Tapu Lele-GX",2,matchup-flex-jit/go-second,100000,27.589000,51.831000,63.054000,36.447000,1.565341
regidrago-shell,"none",0,no-discard-control/go-second,100000,40.265000,67.196000,78.379000,0.000000,0.000000
crobat1-erika,"Erika's Invitation",1,no-discard-control/go-second,100000,38.897000,66.171000,77.748000,19.103000,1.593101
crobat1-channeler,"Channeler",1,no-discard-control/go-second,100000,38.956000,66.373000,77.907000,19.171000,1.604455
crobat1-team-yell,"Team Yell's Cheer",1,no-discard-control/go-second,100000,39.213000,66.268000,77.835000,18.911000,1.597800
crobat1-roseanne,"Roseanne's Backup",1,no-discard-control/go-second,100000,39.213000,66.268000,77.835000,18.911000,1.597800
crobat1-turo,"Professor Turo's Scenario",1,no-discard-control/go-second,100000,39.070000,65.532000,76.984000,19.014000,1.604660
crobat1-powerglass,"Powerglass",1,no-discard-control/go-second,100000,39.270000,66.577000,77.989000,18.929000,1.601881
crobat1-heavy-ball,"Hisuian Heavy Ball",1,no-discard-control/go-second,100000,38.562000,65.308000,77.064000,18.896000,1.609970
crobat1-tapu-lele,"Tapu Lele-GX",1,no-discard-control/go-second,100000,38.187000,64.693000,75.721000,20.020000,1.639660
crobat2-erika-channeler,"Erika's Invitation + Channeler",2,no-discard-control/go-second,100000,38.152000,65.590000,77.371000,31.477000,1.556152
crobat2-erika-team-yell,"Erika's Invitation + Team Yell's Cheer",2,no-discard-control/go-second,100000,38.317000,65.625000,77.462000,31.398000,1.554207
crobat2-erika-tapu-lele,"Erika's Invitation + Tapu Lele-GX",2,no-discard-control/go-second,100000,37.462000,63.902000,75.250000,32.278000,1.579063
crobat2-tapu-lele-both,"Tapu Lele-GX + Tapu Lele-GX",2,no-discard-control/go-second,100000,28.674000,60.269000,71.023000,37.808000,1.619366
regidrago-shell,"none",0,strict-jit-turn2-item-lock/go-second,100000,13.983000,27.862000,35.464000,0.000000,0.000000
crobat1-erika,"Erika's Invitation",1,strict-jit-turn2-item-lock/go-second,100000,13.804000,27.166000,34.903000,11.683000,1.330480
crobat1-channeler,"Channeler",1,strict-jit-turn2-item-lock/go-second,100000,13.747000,27.279000,34.773000,11.564000,1.309236
crobat1-team-yell,"Team Yell's Cheer",1,strict-jit-turn2-item-lock/go-second,100000,13.755000,27.347000,34.798000,11.616000,1.302169
crobat1-roseanne,"Roseanne's Backup",1,strict-jit-turn2-item-lock/go-second,100000,13.747000,27.336000,34.899000,11.685000,1.312281
crobat1-turo,"Professor Turo's Scenario",1,strict-jit-turn2-item-lock/go-second,100000,13.680000,26.982000,34.139000,11.744000,1.317098
crobat1-powerglass,"Powerglass",1,strict-jit-turn2-item-lock/go-second,100000,13.675000,26.989000,34.670000,11.832000,1.320487
crobat1-heavy-ball,"Hisuian Heavy Ball",1,strict-jit-turn2-item-lock/go-second,100000,13.090000,26.183000,33.658000,11.176000,1.330977
crobat1-tapu-lele,"Tapu Lele-GX",1,strict-jit-turn2-item-lock/go-second,100000,12.355000,24.749000,31.394000,11.956000,1.298093
crobat2-erika-channeler,"Erika's Invitation + Channeler",2,strict-jit-turn2-item-lock/go-second,100000,13.428000,26.601000,33.963000,21.078000,1.310561
crobat2-erika-team-yell,"Erika's Invitation + Team Yell's Cheer",2,strict-jit-turn2-item-lock/go-second,100000,13.134000,26.474000,33.700000,20.984000,1.315764
crobat2-erika-tapu-lele,"Erika's Invitation + Tapu Lele-GX",2,strict-jit-turn2-item-lock/go-second,100000,12.073000,24.028000,30.600000,21.354000,1.313712
crobat2-tapu-lele-both,"Tapu Lele-GX + Tapu Lele-GX",2,strict-jit-turn2-item-lock/go-second,100000,9.769000,20.010000,25.283000,21.881000,1.298752
regidrago-shell,"none",0,strict-jit-full-item-lock/go-second,100000,10.543000,23.165000,30.322000,0.000000,0.000000
crobat1-erika,"Erika's Invitation",1,strict-jit-full-item-lock/go-second,100000,10.098000,22.125000,29.083000,8.923000,1.231536
crobat1-channeler,"Channeler",1,strict-jit-full-item-lock/go-second,100000,10.109000,22.138000,29.296000,8.974000,1.239358
crobat1-team-yell,"Team Yell's Cheer",1,strict-jit-full-item-lock/go-second,100000,10.209000,22.281000,29.066000,8.998000,1.242498
crobat1-roseanne,"Roseanne's Backup",1,strict-jit-full-item-lock/go-second,100000,10.209000,22.281000,29.066000,8.998000,1.242498
crobat1-turo,"Professor Turo's Scenario",1,strict-jit-full-item-lock/go-second,100000,10.284000,22.205000,28.779000,9.030000,1.240421
crobat1-powerglass,"Powerglass",1,strict-jit-full-item-lock/go-second,100000,10.260000,22.319000,29.329000,8.891000,1.242043
crobat1-heavy-ball,"Hisuian Heavy Ball",1,strict-jit-full-item-lock/go-second,100000,10.429000,22.641000,29.477000,8.974000,1.238355
crobat1-tapu-lele,"Tapu Lele-GX",1,strict-jit-full-item-lock/go-second,100000,9.379000,20.427000,26.524000,8.899000,1.227778
crobat2-erika-channeler,"Erika's Invitation + Channeler",2,strict-jit-full-item-lock/go-second,100000,10.002000,21.672000,28.478000,16.244000,1.241751
crobat2-erika-team-yell,"Erika's Invitation + Team Yell's Cheer",2,strict-jit-full-item-lock/go-second,100000,9.734000,21.541000,28.475000,16.573000,1.239607
crobat2-erika-tapu-lele,"Erika's Invitation + Tapu Lele-GX",2,strict-jit-full-item-lock/go-second,100000,9.095000,19.798000,25.900000,16.588000,1.244996
crobat2-tapu-lele-both,"Tapu Lele-GX + Tapu Lele-GX",2,strict-jit-full-item-lock/go-second,100000,7.947000,17.304000,22.233000,17.123000,1.237050
regidrago-shell,"none",0,strict-jit-rulebox-ability-lock/go-second,100000,17.941000,34.461000,44.750000,0.000000,0.000000
crobat1-erika,"Erika's Invitation",1,strict-jit-rulebox-ability-lock/go-second,100000,17.325000,33.485000,43.680000,4.505000,1.683463
crobat1-channeler,"Channeler",1,strict-jit-rulebox-ability-lock/go-second,100000,17.194000,33.153000,43.383000,4.515000,1.652049
crobat1-team-yell,"Team Yell's Cheer",1,strict-jit-rulebox-ability-lock/go-second,100000,17.442000,33.399000,43.643000,4.444000,1.655491
crobat1-roseanne,"Roseanne's Backup",1,strict-jit-rulebox-ability-lock/go-second,100000,17.447000,33.578000,43.981000,4.513000,1.675161
crobat1-turo,"Professor Turo's Scenario",1,strict-jit-rulebox-ability-lock/go-second,100000,17.458000,33.023000,42.725000,4.447000,1.665842
crobat1-powerglass,"Powerglass",1,strict-jit-rulebox-ability-lock/go-second,100000,17.406000,33.565000,43.932000,4.389000,1.645705
crobat1-heavy-ball,"Hisuian Heavy Ball",1,strict-jit-rulebox-ability-lock/go-second,100000,16.944000,32.923000,43.054000,4.355000,1.642250
crobat1-tapu-lele,"Tapu Lele-GX",1,strict-jit-rulebox-ability-lock/go-second,100000,17.624000,33.614000,43.839000,4.338000,1.688336
crobat2-erika-channeler,"Erika's Invitation + Channeler",2,strict-jit-rulebox-ability-lock/go-second,100000,16.630000,32.285000,42.322000,7.750000,1.623097
crobat2-erika-team-yell,"Erika's Invitation + Team Yell's Cheer",2,strict-jit-rulebox-ability-lock/go-second,100000,16.591000,32.203000,42.403000,7.774000,1.638410
crobat2-erika-tapu-lele,"Erika's Invitation + Tapu Lele-GX",2,strict-jit-rulebox-ability-lock/go-second,100000,16.937000,32.704000,42.704000,7.732000,1.656105
crobat2-tapu-lele-both,"Tapu Lele-GX + Tapu Lele-GX",2,strict-jit-rulebox-ability-lock/go-second,100000,16.889000,32.542000,42.331000,7.724000,1.719316
regidrago-shell,"none",0,strict-jit-combined-lock/go-second,100000,2.404000,11.427000,15.485000,0.000000,0.000000
crobat1-erika,"Erika's Invitation",1,strict-jit-combined-lock/go-second,100000,2.439000,11.093000,15.064000,2.444000,1.379296
crobat1-channeler,"Channeler",1,strict-jit-combined-lock/go-second,100000,2.399000,10.971000,14.803000,2.381000,1.366233
crobat1-team-yell,"Team Yell's Cheer",1,strict-jit-combined-lock/go-second,100000,2.356000,10.898000,14.844000,2.411000,1.380755
crobat1-roseanne,"Roseanne's Backup",1,strict-jit-combined-lock/go-second,100000,2.356000,10.898000,14.844000,2.411000,1.380755
crobat1-turo,"Professor Turo's Scenario",1,strict-jit-combined-lock/go-second,100000,2.392000,10.796000,14.500000,2.395000,1.386639
crobat1-powerglass,"Powerglass",1,strict-jit-combined-lock/go-second,100000,2.271000,10.777000,14.758000,2.392000,1.383779
crobat1-heavy-ball,"Hisuian Heavy Ball",1,strict-jit-combined-lock/go-second,100000,2.321000,10.872000,14.675000,2.400000,1.391250
crobat1-tapu-lele,"Tapu Lele-GX",1,strict-jit-combined-lock/go-second,100000,2.406000,11.201000,15.182000,2.379000,1.345944
crobat2-erika-channeler,"Erika's Invitation + Channeler",2,strict-jit-combined-lock/go-second,100000,2.302000,10.634000,14.374000,4.560000,1.376096
crobat2-erika-team-yell,"Erika's Invitation + Team Yell's Cheer",2,strict-jit-combined-lock/go-second,100000,2.150000,10.339000,14.099000,4.459000,1.388204
crobat2-erika-tapu-lele,"Erika's Invitation + Tapu Lele-GX",2,strict-jit-combined-lock/go-second,100000,2.190000,10.432000,14.192000,4.294000,1.381230
crobat2-tapu-lele-both,"Tapu Lele-GX + Tapu Lele-GX",2,strict-jit-combined-lock/go-second,100000,2.056000,10.692000,14.378000,4.277000,1.379238
regidrago-shell,"none",0,strict-jit-supporter-lock/go-first,100000,0.005000,14.958000,21.346000,0.000000,0.000000
crobat1-erika,"Erika's Invitation",1,strict-jit-supporter-lock/go-first,100000,0.006000,15.124000,21.478000,22.283000,1.520442
crobat1-channeler,"Channeler",1,strict-jit-supporter-lock/go-first,100000,0.005000,15.018000,21.391000,22.361000,1.509414
crobat1-team-yell,"Team Yell's Cheer",1,strict-jit-supporter-lock/go-first,100000,0.005000,15.037000,21.409000,22.359000,1.514603
crobat1-roseanne,"Roseanne's Backup",1,strict-jit-supporter-lock/go-first,100000,0.005000,15.037000,21.409000,22.359000,1.514603
crobat1-turo,"Professor Turo's Scenario",1,strict-jit-supporter-lock/go-first,100000,0.005000,15.037000,21.409000,22.359000,1.514603
crobat1-powerglass,"Powerglass",1,strict-jit-supporter-lock/go-first,100000,0.000000,14.921000,21.292000,22.539000,1.514353
crobat1-heavy-ball,"Hisuian Heavy Ball",1,strict-jit-supporter-lock/go-first,100000,0.005000,14.817000,21.060000,21.785000,1.510581
crobat1-tapu-lele,"Tapu Lele-GX",1,strict-jit-supporter-lock/go-first,100000,0.006000,15.738000,22.143000,22.838000,1.489754
crobat2-erika-channeler,"Erika's Invitation + Channeler",2,strict-jit-supporter-lock/go-first,100000,0.009000,14.746000,21.179000,34.295000,1.464732
crobat2-erika-team-yell,"Erika's Invitation + Team Yell's Cheer",2,strict-jit-supporter-lock/go-first,100000,0.010000,14.769000,21.249000,34.214000,1.463261
crobat2-erika-tapu-lele,"Erika's Invitation + Tapu Lele-GX",2,strict-jit-supporter-lock/go-first,100000,0.007000,15.469000,21.902000,34.476000,1.455940
crobat2-tapu-lele-both,"Tapu Lele-GX + Tapu Lele-GX",2,strict-jit-supporter-lock/go-first,100000,0.010000,16.427000,23.100000,34.441000,1.447635
regidrago-shell,"none",0,strict-jit-supporter-lock/go-second,100000,8.162000,19.574000,25.334000,0.000000,0.000000
crobat1-erika,"Erika's Invitation",1,strict-jit-supporter-lock/go-second,100000,7.792000,18.989000,24.726000,21.583000,1.503822
crobat1-channeler,"Channeler",1,strict-jit-supporter-lock/go-second,100000,7.682000,18.903000,24.684000,21.684000,1.489024
crobat1-team-yell,"Team Yell's Cheer",1,strict-jit-supporter-lock/go-second,100000,7.643000,18.785000,24.595000,21.686000,1.491607
crobat1-roseanne,"Roseanne's Backup",1,strict-jit-supporter-lock/go-second,100000,7.643000,18.785000,24.595000,21.686000,1.491607
crobat1-turo,"Professor Turo's Scenario",1,strict-jit-supporter-lock/go-second,100000,7.643000,18.785000,24.595000,21.686000,1.491607
crobat1-powerglass,"Powerglass",1,strict-jit-supporter-lock/go-second,100000,7.830000,19.056000,24.607000,21.572000,1.489987
crobat1-heavy-ball,"Hisuian Heavy Ball",1,strict-jit-supporter-lock/go-second,100000,7.760000,18.728000,24.260000,21.219000,1.494180
crobat1-tapu-lele,"Tapu Lele-GX",1,strict-jit-supporter-lock/go-second,100000,8.331000,20.172000,26.154000,21.605000,1.473178
crobat2-erika-channeler,"Erika's Invitation + Channeler",2,strict-jit-supporter-lock/go-second,100000,7.719000,18.916000,24.805000,33.060000,1.451785
crobat2-erika-team-yell,"Erika's Invitation + Team Yell's Cheer",2,strict-jit-supporter-lock/go-second,100000,7.645000,18.876000,24.773000,33.003000,1.452535
crobat2-erika-tapu-lele,"Erika's Invitation + Tapu Lele-GX",2,strict-jit-supporter-lock/go-second,100000,7.943000,19.566000,25.339000,33.123000,1.448661
crobat2-tapu-lele-both,"Tapu Lele-GX + Tapu Lele-GX",2,strict-jit-supporter-lock/go-second,100000,8.463000,20.702000,26.733000,33.027000,1.423774
